id,subject,topic,year,stem,r1_text,r1_ans,r1_info,r2_text,r2_ans,r2_info,r3_text,r3_ans,r3_info,r4_text,r4_ans,r4_info,r5_text,r5_ans,r5_info
1,Physiology,CVS,2023,Regarding the cardiac cycle:,Ventricular volume is highest at end-diastole.,T,EDV is the maximum volume.,Isovolumetric contraction occurs before aortic valve opens.,T,Pressure builds without volume change.,First heart sound marks the opening of AV valves.,F,It marks the closing of AV valves.,Aortic pressure is highest during isovolumetric relaxation.,F,Highest during rapid ejection.,T wave represents ventricular depolarization.,F,T wave is ventricular repolarization.
2,Physiology,CVS,2023,Regarding cardiac output:,It equals stroke volume multiplied by heart rate.,T,CO = SV x HR.,Parasympathetic stimulation increases it.,F,Vagal tone decreases HR and CO.,End-systolic volume is directly proportional to stroke volume.,F,Inversely proportional.,Preload is determined by venous return.,T,Frank-Starling law.,Afterload is determined by aortic pressure.,T,Resistance to ventricular ejection.
3,Physiology,Renal,2023,Regarding GFR:,It is approximately 125 ml/min in a healthy adult.,T,Normal GFR is 120-125 ml/min.,Constriction of the efferent arteriole decreases GFR.,F,It increases GFR by increasing hydrostatic pressure.,Inulin clearance is used to measure GFR.,T,Inulin is freely filtered and not reabsorbed/secreted.,It is inversely proportional to Bowman's capsule hydrostatic pressure.,T,Increased capsular pressure opposes filtration.,Sympathetic stimulation increases GFR.,F,It causes vasoconstriction decreasing GFR.
4,Physiology,Renal,2023,Regarding tubular reabsorption:,Glucose is primarily reabsorbed in the proximal convoluted tubule.,T,SGLT transporters in PCT.,Aldosterone acts on the principal cells of the collecting duct.,T,Increases Na+ reabsorption and K+ secretion.,ADH inserts aquaporins into the descending limb.,F,Inserts into late distal tubule and collecting duct.,Amino acids are co-transported with sodium.,T,Secondary active transport in PCT.,Urea reabsorption contributes to the medullary gradient.,T,Maintains high osmolarity.
5,Physiology,Excitable tissues,2023,During an action potential:,Depolarization is due to sodium influx.,T,Voltage-gated Na+ channels open.,Repolarization is driven by calcium influx.,F,It is driven by potassium efflux.,The absolute refractory period prevents tetanization in cardiac muscle.,T,Ensures relaxation before next contraction.,Hyperpolarization is caused by delayed closing of K+ channels.,T,K+ continues to leave the cell.,Myelination decreases conduction velocity.,F,It increases it via saltatory conduction.
6,Physiology,Excitable tissues,2023,Regarding skeletal muscle contraction:,Calcium binds to tropomyosin to initiate contraction.,F,It binds to troponin C.,ATP binding causes myosin to detach from actin.,T,Breaks the cross-bridge.,The sarcolemma invaginates to form T-tubules.,T,Allows rapid spread of depolarization.,Smooth muscle relies on troponin for contraction.,F,Relies on calmodulin.,Rigor mortis occurs due to a lack of ATP.,T,Myosin cannot detach from actin.
7,Physiology,GIS,2023,Regarding gastric secretions:,Parietal cells secrete HCl and intrinsic factor.,T,Essential for B12 absorption.,Chief cells secrete gastrin.,F,They secrete pepsinogen.,Secretin stimulates gastric acid secretion.,F,It inhibits it and stimulates pancreatic bicarb.,Omeprazole blocks the H+/K+ ATPase pump.,T,It is a proton pump inhibitor.,Histamine decreases HCl secretion.,F,It stimulates it via H2 receptors.
8,Physiology,GIS,2023,Regarding intestinal absorption:,Iron is absorbed primarily in the terminal ileum.,F,Absorbed primarily in the duodenum.,Bile salts are necessary for lipid absorption.,T,Form micelles.,Fructose is absorbed via active transport.,F,Absorbed via facilitated diffusion (GLUT5).,Vitamin B12 requires intrinsic factor for absorption.,T,Absorbed in the terminal ileum.,Short-chain fatty acids are absorbed into the portal vein.,T,Unlike long-chain which go to lymphatics.
9,Physiology,Neuro,2023,Regarding the autonomic nervous system:,Parasympathetic preganglionic neurons are short.,F,They are long; postganglionic are short.,Acetylcholine is the neurotransmitter at all autonomic ganglia.,T,Both sympathetic and parasympathetic.,Sympathetic postganglionic neurons mostly release norepinephrine.,T,Except sweat glands (ACh).,The vagus nerve carries sympathetic fibers.,F,It carries parasympathetic fibers.,Alpha-1 receptors mediate vasoconstriction.,T,Found in vascular smooth muscle.
10,Physiology,Neuro,2023,Regarding the central nervous system:,The cerebellum coordinates voluntary movement.,T,Lesions cause ataxia.,The hypothalamus regulates body temperature.,T,Functions as the body's thermostat.,Wernicke's area is responsible for motor speech.,F,Broca's area is for motor; Wernicke's is for comprehension.,The dorsal columns carry pain and temperature.,F,Spinothalamic tract does; dorsal columns carry fine touch/proprioception.,CSF is produced by the choroid plexus.,T,Circulates in subarachnoid space.
11,Physiology,Respiratory,2023,Regarding lung volumes:,Vital capacity includes residual volume.,F,VC = IRV + TV + ERV.,Tidal volume is normally 500ml.,T,Normal resting breath.,Surfactant increases lung compliance.,T,By reducing surface tension.,CO2 is primarily transported dissolved in plasma.,F,Primarily as bicarbonate.,The Bohr effect describes O2 release in acidic environments.,T,Facilitates tissue oxygenation.
12,Physiology,Respiratory,2023,Regarding control of breathing:,Central chemoreceptors respond primarily to arterial PO2.,F,Respond to H+ derived from CO2.,Peripheral chemoreceptors are located in the carotid and aortic bodies.,T,Sense drops in PO2.,The dorsal respiratory group controls inspiration.,T,Located in the medulla.,Voluntary control of breathing is mediated by the cerebral cortex.,T,Bypasses medullary centers.,Hypoxia always stimulates ventilation.,F,Severe hypoxia can depress the respiratory center.
13,Physiology,Blood,2023,Regarding hemostasis:,Platelets adhere to von Willebrand factor.,T,Initiates the platelet plug.,Thrombin converts fibrin into fibrinogen.,F,Converts fibrinogen to fibrin.,Plasmin dissolves blood clots.,T,Fibrinolysis.,Factor VIII deficiency causes Hemophilia B.,F,Causes Hemophilia A (IX is B).,Aspirin inhibits thromboxane A2 synthesis.,T,Via COX inhibition.
14,Physiology,Blood,2023,Regarding red blood cells:,They possess a biconcave shape.,T,Increases surface area.,They contain mitochondria for ATP production.,F,They rely on anaerobic glycolysis.,Erythropoietin is produced primarily by the liver.,F,Produced primarily by the kidneys.,The average lifespan of an RBC is 120 days.,T,Destroyed by the spleen.,Vitamin B12 deficiency leads to microcytic anemia.,F,Leads to macrocytic (megaloblastic) anemia.
15,Anatomy,Upper limb,2023,Regarding the axilla:,The anterior wall is formed by the pectoralis major.,T,Along with pec minor.,The axillary artery has four parts.,F,It has three parts.,The long thoracic nerve supplies the serratus anterior.,T,Injury causes winged scapula.,The musculocutaneous nerve pierces the coracobrachialis.,T,Then supplies anterior arm compartment.,The axillary vein lies lateral to the axillary artery.,F,It lies medial.
16,Anatomy,Upper limb,2023,Regarding the brachial plexus:,Roots emerge between the anterior and middle scalene muscles.,T,In the neck.,The posterior cord gives rise to the ulnar nerve.,F,Ulnar arises from the medial cord.,The median nerve supplies the flexor carpi ulnaris.,F,Supplied by the ulnar nerve.,Radial nerve injury causes wrist drop.,T,Supplies wrist extensors.,Erb's palsy involves injury to upper roots (C5-C6).,T,Presents as waiter's tip position.
17,Anatomy,Lower limb,2023,Regarding the femoral triangle:,The lateral border is the sartorius muscle.,T,Medial border is adductor longus.,The femoral nerve is inside the femoral sheath.,F,It lies outside the sheath.,The femoral artery is medial to the femoral vein.,F,Artery is lateral to vein (NAVEL).,The floor includes the pectineus muscle.,T,Along with iliopsoas.,It contains the deep inguinal lymph nodes.,T,Cloquet's node.
18,Anatomy,Lower limb,2023,Regarding the knee joint:,It is a pure hinge joint.,F,Allows some rotation.,The ACL prevents anterior displacement of the tibia.,T,Tested with anterior drawer test.,The medial meniscus is separated from the medial collateral ligament.,F,They are attached.,The popliteus muscle unlocks the knee.,T,Rotates femur laterally.,The patella is a sesamoid bone.,T,Embedded in quadriceps tendon.
19,Anatomy,Abdomen,2023,Regarding the stomach:,The fundus is supplied by short gastric arteries.,T,Branches of the splenic artery.,The left gastric artery arises from the SMA.,F,It arises from the celiac trunk.,It is completely retroperitoneal.,F,It is intraperitoneal.,The pyloric sphincter is physiological.,F,It is an anatomical sphincter.,Parasympathetic supply is via the vagus nerve.,T,Stimulates motility and secretion.
20,Anatomy,Abdomen,2023,Regarding the liver:,It receives most of its blood supply from the hepatic artery.,F,Portal vein supplies 75%.,The falciform ligament attaches it to the anterior abdominal wall.,T,Divides right and left lobes anatomically.,Bile exits via the common hepatic duct.,T,Joins cystic duct to form common bile duct.,The bare area is covered by visceral peritoneum.,F,It is devoid of peritoneum.,The caudate lobe is functionally part of the left lobe.,T,Based on biliary drainage.
21,Anatomy,Thorax,2023,Regarding the heart anatomy:,The right atrium receives the coronary sinus.,T,Along with SVC and IVC.,The mitral valve has three cusps.,F,It is bicuspid.,The left ventricle wall is thicker than the right.,T,Pumps to systemic circulation.,The SA node is located in the left atrium.,F,Located in the right atrium.,The LAD artery supplies the anterior interventricular septum.,T,Also known as the widowmaker.
22,Anatomy,Thorax,2023,Regarding the lungs:,The right lung has three lobes.,T,Superior middle and inferior.,The left lung features the cardiac notch.,T,On its anterior border.,The trachea bifurcates at the level of T4.,T,Sternal angle.,The pulmonary veins carry deoxygenated blood.,F,They carry oxygenated blood to LA.,The parietal pleura is insensitive to pain.,F,Visceral is insensitive; parietal is highly sensitive.
23,Anatomy,Pelvis,2023,Regarding the female pelvis:,The broad ligament contains the uterine tubes.,T,In its upper free border.,The internal iliac artery is the main blood supply.,T,Supplies most pelvic viscera.,The pouch of Douglas is between the bladder and uterus.,F,Between uterus and rectum.,The normal uterine position is anteverted and anteflexed.,T,Over the bladder.,The levator ani forms the pelvic floor.,T,Consists of three muscles.
24,Anatomy,Pelvis,2023,Regarding the male pelvis:,The prostate gland surrounds the membranous urethra.,F,Surrounds the prostatic urethra.,The ductus deferens travels through the inguinal canal.,T,Part of the spermatic cord.,The seminal vesicles store sperm.,F,They secrete seminal fluid; epididymis stores sperm.,The rectovesical pouch is the lowest point in the male peritoneal cavity.,T,Between rectum and bladder.,The bulbourethral glands are located in the deep perineal pouch.,T,Cowper's glands.
25,Anatomy,Perineum,2023,Regarding the perineum:,The pudendal nerve originates from S2-S4.,T,Main nerve of the perineum.,The ischioanal fossa contains fat.,T,Allows expansion during defecation.,The superficial perineal pouch contains the bulbourethral glands.,F,They are in the deep pouch.,The external anal sphincter is under voluntary control.,T,Supplied by inferior rectal nerve.,The perineal body is a fibromuscular node.,T,Crucial for pelvic support.
26,Anatomy,Perineum,2023,Regarding perineal structures:,The clitoris is homologous to the glans penis.,T,Develops from genital tubercle.,The deep perineal pouch contains the sphincter urethrae.,T,In both sexes.,The greater vestibular glands are Bartholin's glands.,T,Homologous to bulbourethral glands.,The perineal membrane separates the pelvis from the perineum.,F,Separates superficial and deep pouches.,The crus of the penis is attached to the ischiopubic ramus.,T,Covered by ischiocavernosus muscle.
27,Anatomy,Histology,2023,Regarding epithelia:,The trachea is lined by simple squamous epithelium.,F,Pseudostratified ciliated columnar.,Transitional epithelium is found in the bladder.,T,Allows for distension.,Microvilli are composed of microtubules.,F,Composed of actin filaments.,Goblet cells are unicellular glands.,T,Secrete mucin.,Stratified squamous epithelium lines the esophagus.,T,Non-keratinized type.
28,Anatomy,Histology,2023,Regarding connective tissue:,Collagen type I is the most abundant protein in the body.,T,Found in bone tendon and skin.,Osteoclasts are derived from osteoprogenitor cells.,F,Derived from monocyte/macrophage lineage.,Hyaline cartilage contains abundant type II collagen.,T,Found in articular surfaces.,Mast cells release histamine and heparin.,T,Involved in allergic responses.,Brown adipose tissue is specialized for heat production.,T,Contains numerous mitochondria.
29,Anatomy,Embryology,2023,Regarding early development:,Fertilization usually occurs in the ampulla.,T,Of the uterine tube.,The neural tube forms the peripheral nervous system.,F,Neural crest forms PNS.,Somites develop from paraxial mesoderm.,T,Form axial skeleton and muscle.,The heart begins to beat at 8 weeks.,F,Starts beating around day 22.,The umbilical cord contains two veins and one artery.,F,Two arteries; one vein.
30,Anatomy,Embryology,2023,Regarding organogenesis:,The liver develops from the endoderm.,T,Originates from foregut.,The lungs develop from the splanchnic mesoderm only.,F,Endoderm forms epithelium.,The kidneys develop from the intermediate mesoderm.,T,Forms urogenital system.,The notochord induces neural plate formation.,T,Acts as signaling center.,Pharyngeal arches are derived entirely from ectoderm.,F,Contain mesoderm neural crest and endoderm.
31,Biochemistry,Carbohydrates,2023,Regarding carbohydrates:,Glucose and galactose are epimers at C4.,T,Differ only at carbon 4.,"Glycogen has alpha-1,6 branches.",T,Provides multiple ends for rapid breakdown.,Cellulose is easily digested by humans.,F,"We lack beta-1,4-glucosidase.",Sucrose is a reducing sugar.,F,Both anomeric carbons are linked.,Fructose enters glycolysis bypassing PFK-1 in the liver.,T,Metabolized via Fructose-1-P.
32,Biochemistry,Carbohydrates,2023,Regarding carbohydrate structure:,Maltose is composed of two glucose units.,T,"Linked by alpha-1,4 bond.","Lactose contains a beta-1,4 linkage.",T,Galactose and glucose.,Starch is entirely composed of unbranched amylose.,F,Contains branched amylopectin too.,Ribose is a hexose sugar.,F,It is a pentose.,Hyaluronic acid is a glycosaminoglycan.,T,Component of extracellular matrix.
33,Biochemistry,Amino acids,2023,Regarding amino acids:,Glycine has a chiral center.,F,Its R-group is just hydrogen.,Proline introduces kinks in alpha helices.,T,Due to its rigid ring structure.,Tryptophan is a precursor to serotonin.,T,Via 5-HTP.,Phenylketonuria is due to missing tyrosine hydroxylase.,F,Phenylalanine hydroxylase deficiency.,Glutamate is an acidic amino acid.,T,Has a carboxyl group in side chain.
34,Biochemistry,Amino acids,2023,Regarding amino acid classification:,Leucine is purely ketogenic.,T,Along with lysine.,Methionine contains a sulfhydryl group.,F,Contains a thioether group.,Cysteine can form disulfide bonds.,T,Important for protein structure.,Histidine plays a role in buffering blood pH.,T,Due to imidazole ring pKa.,Tyrosine is an essential amino acid.,F,Synthesized from phenylalanine.
35,Biochemistry,Nucleic acids,2023,Regarding nucleic acids:,Adenine pairs with thymine via three hydrogen bonds.,F,Via two hydrogen bonds.,Uracil is found in RNA but not DNA.,T,Replaces thymine.,Nucleosides contain a phosphate group.,F,Nucleotides contain phosphate.,DNA strands are antiparallel.,T,Run 5'->3' and 3'->5'.,Gout is caused by excessive purine degradation.,T,Leads to uric acid crystals.
36,Biochemistry,Nucleic acids,2023,Regarding DNA replication:,It is a semi-conservative process.,T,Each daughter gets one old strand.,DNA polymerase synthesizes in the 3' to 5' direction.,F,Synthesizes 5' to 3'.,Helicase unwinds the double helix.,T,Requires ATP.,Okazaki fragments are formed on the leading strand.,F,Formed on the lagging strand.,Ligase joins DNA fragments.,T,Forms phosphodiester bonds.
37,Biochemistry,Lipids,2023,Regarding lipids:,Cholesterol is a precursor for steroid hormones.,T,Including cortisol and testosterone.,Saturated fatty acids have double bonds.,F,Unsaturated have double bonds.,Arachidonic acid has 20 carbons.,T,Precursor to eicosanoids.,Chylomicrons mainly transport endogenous hepatic lipids.,F,They transport dietary lipids.,Beta-oxidation of fatty acids occurs in the mitochondria.,T,Produces acetyl-CoA.
38,Biochemistry,Lipids,2023,Regarding lipid properties:,Phospholipids are amphipathic.,T,Have hydrophilic heads and hydrophobic tails.,Sphingomyelin contains a glycerol backbone.,F,Contains a sphingosine backbone.,Linoleic acid is an essential fatty acid.,T,Omega-6 fatty acid.,Trans fats increase membrane fluidity.,F,They pack tightly and decrease fluidity.,Bile acids are derived from cholesterol.,T,Synthesized in the liver.
39,Biochemistry,Carb metabolism,2023,Regarding glycolysis and gluconeogenesis:,Glycolysis produces a net of 2 ATP per glucose.,T,Under anaerobic conditions.,PFK-1 is the rate-limiting enzyme of glycolysis.,T,"Regulated by AMP and F-2,6-BP.",Gluconeogenesis primarily occurs in the muscle.,F,Primarily in the liver.,Pyruvate carboxylase requires biotin.,T,Converts pyruvate to oxaloacetate.,Insulin stimulates gluconeogenesis.,F,It inhibits it and stimulates glycolysis.
40,Biochemistry,Carb metabolism,2023,Regarding the TCA cycle:,It takes place in the cytosol.,F,Takes place in the mitochondrial matrix.,Isocitrate dehydrogenase is the rate-limiting enzyme.,T,Activated by ADP.,It produces 3 NADH per turn.,T,And 1 FADH2 and 1 GTP.,Succinyl-CoA synthetase produces ATP directly.,F,Produces GTP directly.,The cycle requires oxygen to operate.,T,Requires NAD+ and FAD regenerated by ETC.
41,Biochemistry,Amino metab,2023,Regarding the urea cycle:,It occurs exclusively in the mitochondria.,F,Both mitochondria and cytosol.,It safely disposes of ammonia.,T,Converts it to urea.,Carbamoyl phosphate synthetase I is the rate-limiting enzyme.,T,Requires N-acetylglutamate.,Arginase cleaves arginine into urea and ornithine.,T,Final step of cycle.,Defects in the cycle lead to hyperuricemia.,F,Lead to hyperammonemia.
42,Biochemistry,Amino metab,2023,Regarding transamination:,It requires pyridoxal phosphate (PLP) as a cofactor.,T,Derived from Vitamin B6.,ALT transfers an amino group to form oxaloacetate.,F,Forms pyruvate; AST forms oxaloacetate.,Glutamate serves as a major amino group collector.,T,Undergoes oxidative deamination.,It is an irreversible process.,F,Transamination is highly reversible.,Ammonia is released during transamination.,F,Released during deamination.
43,Biochemistry,Digestion,2023,Regarding digestion:,Amylase breaks down starch into monosaccharides.,F,Breaks down to maltose/dextrins.,Bile salts emulsify dietary fats.,T,Increases surface area for lipases.,Pepsinogen is activated by high pH.,F,Activated by low pH (HCl).,Enterokinase activates trypsinogen.,T,Located on the brush border.,Lactose is broken down into glucose and fructose.,F,Glucose and galactose.
44,Biochemistry,Digestion,2023,Regarding pancreatic enzymes:,Lipase digests triglycerides into monoglycerides and free fatty acids.,T,Requires colipase.,Trypsin specifically cleaves C-terminal to basic amino acids.,T,Arginine and lysine.,Chymotrypsin is secreted in its active form.,F,Secreted as chymotrypsinogen.,"Pancreatic amylase acts on beta-1,4 glycosidic bonds.",F,"Acts on alpha-1,4 bonds.",Secretin causes secretion of enzyme-rich pancreatic juice.,F,Causes bicarbonate-rich secretion.
45,Biochemistry,Water,2023,Regarding water and pH balance:,Intracellular fluid is the largest body water compartment.,T,About 2/3 of total body water.,Normal blood pH is 7.35-7.45.,T,Tightly regulated.,Hyperventilation leads to respiratory acidosis.,F,Leads to respiratory alkalosis (loss of CO2).,Bicarbonate is the major extracellular buffer.,T,Works with the respiratory system.,Vasopressin decreases water reabsorption in the kidneys.,F,It increases reabsorption (aquaporins).
46,Biochemistry,Water,2023,Regarding body fluids:,Extracellular fluid includes interstitial fluid and plasma.,T,Plasma makes up 1/4 of ECF.,Sodium is the major intracellular cation.,F,Potassium is major intracellular cation.,Water moves freely across cell membranes via aquaporins.,T,Driven by osmotic gradients.,Insensible water loss includes urine output.,F,Includes skin diffusion and respiratory loss.,Aldosterone regulates water balance indirectly by regulating sodium.,T,Water follows sodium.
47,Physiology,CVS,2024,Regarding the mechanical events of the heart:,The second heart sound is caused by closure of semilunar valves.,T,Marks the start of diastole.,The c-wave of the jugular venous pulse represents atrial contraction.,F,It represents ventricular contraction bulging the tricuspid valve.,Stroke volume increases when afterload increases.,F,Increased afterload decreases stroke volume.,The rapid filling phase occurs immediately after isovolumetric relaxation.,T,Pressure in ventricles drops below atrial pressure.,Left ventricular pressure reaches its peak during the ejection phase.,T,Maximum pressure is about 120 mmHg.
48,Physiology,CVS,2024,Regarding the conduction system of the heart:,The SA node is the primary pacemaker because it has the fastest discharge rate.,T,Auto-rhythmicity is highest at the SA node.,The AV node delay is approximately 0.1 seconds.,T,Allows time for ventricular filling.,Bundle of His is the only electrical connection between atria and ventricles.,T,The fibrous skeleton acts as an insulator.,Purkinje fibers have the slowest conduction velocity.,F,They have the fastest velocity for synchronized contraction.,Sympathetic nerves decrease the slope of the prepotential.,F,They increase the slope to increase heart rate.
49,Physiology,Renal,2024,Regarding renal clearance:,Clearance of a substance is the volume of plasma cleared of that substance per unit time.,T,Definition of clearance.,Para-aminohippuric acid (PAH) clearance measures GFR.,F,PAH clearance measures Renal Plasma Flow.,Creatinine clearance slightly overestimates GFR.,T,Due to small amount of tubular secretion.,If clearance is less than GFR the substance must have been reabsorbed.,T,Net reabsorption reduces clearance.,Clearance of glucose is normally 125 ml/min.,F,Normal glucose clearance is zero.
50,Physiology,Renal,2024,Regarding the countercurrent mechanism:,The descending limb of the loop of Henle is highly permeable to water.,T,Water moves out into the hypertonic medulla.,"The thick ascending limb is the ""diluting segment"".",T,Reabsorbs solutes but is impermeable to water.,The vasa recta act as countercurrent exchangers.,T,They maintain the medullary gradient.,ADH makes the collecting duct permeable to urea.,T,Assists in medullary hypertonicity.,The medullary interstitial osmolarity can reach 1200 mOsm/L.,T,Max concentration at the tip of the loop.
51,Physiology,Excitable tissues,2024,Regarding synaptic transmission:,The most common excitatory neurotransmitter in the CNS is GABA.,F,Glutamate is excitatory; GABA is inhibitory.,Calcium influx into the presynaptic terminal triggers exocytosis.,T,Ca2+ is essential for vesicle docking.,EPSPs are produced by the opening of chloride channels.,F,Chloride opening causes IPSPs (hyperpolarization).,Spatial summation occurs when multiple terminals fire simultaneously.,T,Summation over space.,The synaptic delay is usually 0.5 to 1.0 milliseconds.,T,Time required for release and diffusion.
52,Physiology,Excitable tissues,2024,Regarding the resting membrane potential (RMP):,RMP is primarily determined by the potassium concentration gradient.,T,Membrane is most permeable to K+ at rest.,The Sodium-Potassium pump is electrogenic.,T,Pumps 3 Na+ out for 2 K+ in.,In a typical nerve cell the RMP is -70 mV.,T,Normal physiological value.,Decreasing extracellular potassium causes depolarization.,F,It causes hyperpolarization.,The Nernst equation calculates the equilibrium potential for a single ion.,T,Relates concentration gradient to electrical potential.
53,Physiology,GIS,2024,Regarding pancreatic secretions:,The aqueous component is rich in bicarbonate ions.,T,Neutralizes gastric acid in the duodenum.,Cholecystokinin (CCK) stimulates the secretion of enzymes.,T,Acts on acinar cells.,Trypsin is secreted in its active form.,F,Secreted as trypsinogen to prevent autodigestion.,Vagal stimulation increases pancreatic secretion.,T,Cephalic phase of digestion.,Pancreatic lipase requires bile salts for optimal activity.,T,Aids in lipid emulsification.
54,Physiology,GIS,2024,Regarding intestinal motility:,Segmentation is the primary form of mixing in the small intestine.,T,Back and forth movement.,The migrating motor complex (MMC) occurs during the fed state.,F,Occurs during fasting to clear the gut.,Peristalsis is governed by the Law of the Gut.,T,Distension causes contraction behind and relaxation ahead.,The gastrocolic reflex increases motility in the colon after a meal.,T,Mediated by gastrin and nerves.,The internal anal sphincter is composed of skeletal muscle.,F,It is smooth muscle (involuntary).
55,Physiology,Neuro,2024,Regarding sensory receptors:,Nociceptors are specialized for sensing temperature.,F,They sense pain or tissue damage.,Phasic receptors adapt rapidly to a constant stimulus.,T,e.g. Pacinian corpuscles.,The receptive field is smaller in areas with high tactile acuity.,T,e.g. fingertips.,Acuity is increased by lateral inhibition.,T,Sharpens the contrast between stimuli.,Muscle spindles sense the tension in the muscle.,F,Spindles sense length; Golgi tendon organs sense tension.
56,Physiology,Neuro,2024,Regarding the Basal Ganglia:,The substantia nigra produces dopamine.,T,Loss leads to Parkinson's disease.,The striatum consists of the caudate nucleus and putamen.,T,Major input station.,Huntington's disease involves degeneration of the GABAergic neurons.,T,Leads to choreiform movements.,The indirect pathway promotes voluntary movement.,F,The direct pathway promotes it; indirect inhibits it.,Hemiballismus is caused by a lesion in the subthalamic nucleus.,T,Results in wild flailing movements.
57,Physiology,Respiratory,2024,Regarding gas exchange in the lungs:,Oxygen diffusion is limited by the surface area of the respiratory membrane.,T,Fick's law of diffusion.,The partial pressure of oxygen in arterial blood is normally 100 mmHg.,T,Matches alveolar gas exchange.,Carbon dioxide is 20 times more soluble than oxygen.,T,Diffuses much faster.,The ventilation-perfusion (V/Q) ratio is highest at the base of the lung.,F,Highest at the apex.,Exercise increases the diffusing capacity of the lungs.,T,Due to increased surface area and recruitment.
58,Physiology,Respiratory,2024,Regarding the work of breathing:,Elastic recoil is provided by elastin fibers and surface tension.,T,Lungs tend to collapse inward.,Lung compliance is decreased in emphysema.,F,Compliance is increased; it's decreased in fibrosis.,Airway resistance is highest in the terminal bronchioles.,F,Highest in medium-sized bronchi.,Work of breathing increases during an asthma attack.,T,Due to increased airway resistance.,Surfactant production begins at 24-28 weeks of gestation.,T,Secreted by Type II pneumocytes.
59,Physiology,Blood,2024,Regarding blood groups and transfusion:,Type O individuals are universal recipients.,F,They are universal donors; AB is universal recipient.,The Rh factor is a carbohydrate antigen.,F,It is a protein antigen.,Erythroblastosis fetalis occurs when the mother is Rh negative and fetus is Rh positive.,T,Anti-D antibodies cross the placenta.,Anti-A and Anti-B antibodies are typically IgM.,T,They do not cross the placenta.,The major cross-match mixes recipient serum with donor RBCs.,T,Checks for hemolysis.
60,Physiology,Blood,2024,Regarding white blood cells:,Neutrophils are the first cells to arrive at a site of acute inflammation.,T,Most abundant phagocytes.,Lymphocytes are the largest of the WBCs.,F,Monocytes are the largest.,Eosinophil count increases in parasitic infections.,T,Contain major basic protein.,Basophils share functional similarities with mast cells.,T,Both release histamine.,B-lymphocytes are responsible for cell-mediated immunity.,F,They provide humoral immunity (antibodies).
61,Anatomy,Upper limb,2024,Regarding the shoulder joint:,The glenoid labrum deepens the glenoid cavity.,T,Increases stability.,The supraspinatus initiates abduction of the arm.,T,First 0-15 degrees.,The joint is most stable in the inferior position.,F,Weakest inferiorly.,The axillary nerve winds around the surgical neck of the humerus.,T,Risk of injury in fractures.,The rotator cuff includes the teres major muscle.,F,Includes SITS: Supraspinatus Infraspinatus Teres minor Subscapularis.
62,Anatomy,Upper limb,2024,Regarding the hand anatomy:,The thenar eminence is supplied by the ulnar nerve.,F,Mainly by the median nerve.,The carpal tunnel contains the flexor pollicis longus tendon.,T,Along with 8 other tendons and median nerve.,The lumbricals flex the MCP joints and extend the IP joints.,T,"The ""writing"" position.",The scaphoid is the most commonly fractured carpal bone.,T,Pain in the anatomical snuffbox.,The deep palmar arch is mainly formed by the ulnar artery.,F,Mainly by the radial artery.
63,Anatomy,Lower limb,2024,Regarding the gluteal region:,Gluteus maximus is the chief extensor of the hip.,T,Used for climbing stairs.,The sciatic nerve usually emerges below the piriformis muscle.,T,In the greater sciatic foramen.,Gluteus medius is supplied by the inferior gluteal nerve.,F,Supplied by superior gluteal nerve.,Trendelenburg sign is positive when the superior gluteal nerve is injured.,T,Causes sagging of the unsupported pelvis.,The piriformis muscle rotates the extended thigh laterally.,T,Key landmark in the gluteal region.
64,Anatomy,Lower limb,2024,Regarding the foot and ankle:,The deltoid ligament is found on the lateral side of the ankle.,F,It is the strong medial ligament.,The dorsalis pedis artery is a continuation of the anterior tibial artery.,T,Palpated between the malleoli.,The peroneal (fibular) nerve injury causes foot drop.,T,Supplies dorsiflexors.,The inversion of the foot occurs primarily at the subtalar joint.,T,Between talus and calcaneus.,The plantar fascia maintains the longitudinal arches of the foot.,T,Supports weight-bearing.
65,Anatomy,Abdomen,2024,Regarding the kidneys:,The right kidney is slightly lower than the left.,T,Due to the liver.,The renal vein lies anterior to the renal artery.,T,V-A-P order (Vein-Artery-Pelvis).,The adrenal glands are separated from the kidneys by perirenal fat.,T,They have their own capsule.,The ureters cross the common iliac arteries at the pelvic brim.,T,Common site for kidney stones.,The left renal vein receives the left gonadal vein.,T,Right gonadal vein enters the IVC directly.
66,Anatomy,Abdomen,2024,Regarding the pancreas:,The head of the pancreas lies in the C-loop of the duodenum.,T,Attached to the medial wall.,The tail of the pancreas is retroperitoneal.,F,The tail is intraperitoneal in the splenorenal ligament.,The main pancreatic duct joins the bile duct at the height of the ampulla.,T,Ampulla of Vater.,The body of the pancreas forms the floor of the lesser sac.,T,Posterior to the stomach.,The pancreas receives blood from both the celiac trunk and SMA.,T,Via pancreaticoduodenal arteries.
67,Anatomy,Thorax,2024,Regarding the mediastinum:,The superior mediastinum contains the thymus gland.,T,In children.,The esophagus is located in the anterior mediastinum.,F,Located in the posterior mediastinum.,The phrenic nerve passes anterior to the lung root.,T,Vagus passes posterior.,The thoracic duct starts at the cisterna chyli.,T,Ascends through the posterior mediastinum.,The azygos vein drains into the SVC.,T,Arches over the right lung root.
68,Anatomy,Thorax,2024,Regarding the diaphragm:,The caval opening is at the level of T8.,T,Transmits the IVC.,The esophageal hiatus is at the level of T12.,F,It is at T10.,The right crus is longer than the left crus.,T,Originates from L1-L3.,It is innervated by the phrenic nerves (C3 C4 C5).,T,Diaphragm is the chief muscle of inspiration.,Contraction of the diaphragm increases the vertical dimension of the thorax.,T,Flattens the dome.
69,Anatomy,Pelvis,2024,Regarding the internal iliac artery:,The obturator artery is a branch of the posterior division.,F,Usually a branch of the anterior division.,The uterine artery crosses the ureter superiorly.,T,Ureter passes under the artery.,The internal pudendal artery supplies the perineum.,T,Passes through the pudendal canal.,The superior gluteal artery is the largest branch.,T,Supplies the gluteal muscles.,The middle rectal artery is a branch of the external iliac.,F,Branch of the internal iliac.
70,Anatomy,Pelvis,2024,Regarding the pelvic ligaments:,The sacrospinous ligament converts the sciatic notches into foramina.,T,Forms the greater and lesser sciatic foramina.,The inguinal ligament is formed by the external oblique aponeurosis.,T,From ASIS to pubic tubercle.,The sacrotuberous ligament is a key stabilizer of the SI joint.,T,Resists upward tilt of the sacrum.,The ligamentum teres uteri passes through the inguinal canal.,T,In females.,The puboprostatic ligament supports the male bladder.,T,Attaches to the pelvic floor.
71,Anatomy,Perineum,2024,Regarding the anal canal:,The upper half is derived from the endoderm.,T,Supplied by superior rectal artery.,The pectinate line marks the site of the anal membrane.,T,Boundary between visceral and somatic.,Internal hemorrhoids are painful.,F,Above pectinate line; insensitive to pain.,The external anal sphincter is supplied by the inferior rectal nerve.,T,Voluntary control.,Lymph from below the pectinate line drains to the superficial inguinal nodes.,T,Above drains to internal iliac.
72,Anatomy,Perineum,2024,Regarding the scrotum and testes:,The tunica vaginalis is a remnant of the processus vaginalis.,T,Serous covering of the testis.,The pampiniform plexus helps in thermoregulation.,T,Countercurrent heat exchange.,The lymphatic drainage of the testis is to the inguinal nodes.,F,Drains to para-aortic nodes.,The cremasteric reflex is mediated by the genitofemoral nerve.,T,L1-L2 fibers.,The left testicular vein drains into the IVC.,F,Drains into the left renal vein.
73,Anatomy,Histology,2024,Regarding bone tissue:,Osteoblasts secrete the organic matrix (osteoid).,T,Responsible for bone formation.,Osteocytes reside in small spaces called lacunae.,T,Maintain bone tissue.,Canaliculi allow communication between osteocytes.,T,Contain cytoplasmic processes.,The periosteum covers the articular surfaces of bones.,F,Articular surfaces are covered by hyaline cartilage.,Woven bone is more mechanically sound than lamellar bone.,F,Lamellar bone is mature and stronger.
74,Anatomy,Histology,2024,Regarding glands:,Exocrine glands secrete products into ducts.,T,e.g. salivary glands.,Holocrine secretion involves the death of the secretory cell.,T,e.g. sebaceous glands.,Merocrine glands lose a portion of their cytoplasm during secretion.,F,Merocrine uses exocytosis; Apocrine loses cytoplasm.,The thyroid is an example of a follicular endocrine gland.,T,Stores hormones extracellularly.,Goblet cells are characterized by an abundance of RER and Golgi.,T,For mucus protein synthesis.
75,Anatomy,Embryology,2024,Regarding early development:,The ductus venosus shunts blood from the umbilical vein to the IVC.,T,Bypasses the liver.,The foramen ovale connects the two ventricles.,F,Connects the right atrium to the left atrium.,High oxygen levels cause the ductus arteriosus to close after birth.,T,Becomes the ligamentum arteriosum.,The umbilical arteries carry oxygenated blood to the fetus.,F,They carry deoxygenated blood to the placenta.,The ligamentum teres is the remnant of the umbilical vein.,T,Found in the falciform ligament.
76,Anatomy,Embryology,2024,Regarding pharyngeal arches:,The first arch is the mandibular arch.,T,Forms Meckel's cartilage.,The facial nerve is the nerve of the second arch.,T,Supplies muscles of facial expression.,The third arch forms the stylopharyngeus muscle.,T,Innervated by glossopharyngeal nerve.,The fourth and sixth arches are innervated by the vagus nerve.,T,Forms laryngeal muscles.,The second arch gives rise to the greater horn of the hyoid.,F,Third arch forms greater horn.
77,Biochemistry,Carbohydrates,2024,Regarding glucose transporters:,GLUT1 is the primary transporter in the brain and RBCs.,T,High affinity and insulin independent.,GLUT2 has a high Km for glucose.,T,Found in liver and pancreas; acts as glucose sensor.,GLUT4 is insulin-dependent.,T,Found in skeletal muscle and adipose tissue.,SGLT1 is a passive transporter.,F,It is a secondary active symporter with sodium.,GLUT5 is specific for fructose transport.,T,Found in the small intestine.
78,Biochemistry,Carbohydrates,2024,Regarding glycosaminoglycans (GAGs):,GAGs are unbranched polysaccharide chains.,T,Composed of repeating disaccharide units.,Heparin acts as a natural anticoagulant.,T,Increases antithrombin III activity.,Chondroitin sulfate is the most abundant GAG in the body.,T,Found in cartilage and bone.,Keratan sulfate contains uronic acid.,F,It is the only GAG that lacks uronic acid.,They are highly negatively charged.,T,Due to sulfate and carboxyl groups.
79,Biochemistry,Amino acids,2024,Regarding amino acid reactions:,The ninhydrin reaction is used to detect amino acids.,T,Produces a purple color (except proline).,Oxidative deamination of glutamate produces alpha-ketoglutarate.,T,Catalyzed by glutamate dehydrogenase.,Decarboxylation of histidine produces histamine.,T,Occurs in mast cells.,Glutathione is a tripeptide containing glycine glutamate and cysteine.,T,Important antioxidant.,The Sanger's reagent identifies the C-terminal amino acid.,F,Identifies the N-terminal.
80,Biochemistry,Amino acids,2024,Regarding specialized products of amino acids:,Tyrosine is the precursor for melanin.,T,Via the enzyme tyrosinase.,Creatine is synthesized from arginine and glycine.,T,Occurs in liver and kidney.,Nitric oxide is derived from lysine.,F,Derived from arginine.,GABA is a derivative of glutamate.,T,Major inhibitory neurotransmitter.,Thyroid hormones (T3 T4) are derived from tyrosine.,T,Iodinated tyrosine residues.
81,Biochemistry,Nucleic acids,2024,Regarding RNA types:,mRNA carries the genetic code from DNA to ribosomes.,T,Acts as a template.,tRNA has a cloverleaf secondary structure.,T,Contains the anticodon loop.,rRNA is the most abundant type of RNA in the cell.,T,Makes up about 80%.,Small nuclear RNA (snRNA) is involved in splicing.,T,Forms spliceosomes.,miRNA stimulates the translation of specific mRNAs.,F,miRNA usually inhibits translation.
82,Biochemistry,Nucleic acids,2024,Regarding mutations and DNA repair:,A silent mutation changes the amino acid sequence.,F,Changes the codon but not the amino acid.,A nonsense mutation creates a premature stop codon.,T,Results in truncated proteins.,UV light causes thymine dimers.,T,Distorts the DNA helix.,Xeroderma pigmentosum is a defect in nucleotide excision repair.,T,Leads to extreme sun sensitivity.,Mismatch repair corrects errors made during DNA replication.,T,Identifies the newly synthesized strand.
83,Biochemistry,Lipids,2024,Regarding ketone bodies:,Acetoacetate is a ketone body.,T,Synthesized in the liver.,Ketogenesis occurs when Acetyl-CoA levels are high.,T,During fasting or diabetes.,The brain can use ketone bodies during prolonged starvation.,T,Reduces glucose requirement.,Acetone is used as an energy source by the heart.,F,Acetone is a waste product excreted via breath.,Ketolysis occurs in the liver.,F,The liver lacks the enzyme thiophorase.
84,Biochemistry,Lipids,2024,Regarding prostaglandins and leukotrienes:,Prostaglandins are synthesized from arachidonic acid.,T,Via the cyclooxygenase path.,Leukotrienes are involved in asthma and inflammation.,T,Produced via the lipoxygenase pathway.,Thromboxane A2 promotes platelet aggregation.,T,Causes vasoconstriction.,Prostacyclin (PGI2) inhibits platelet aggregation.,T,Synthesized by vascular endothelium.,NSAIDs stimulate prostaglandin synthesis.,F,They inhibit COX enzymes.
85,Biochemistry,Carb metabolism,2024,Regarding the HMP Shunt:,It produces NADH for the electron transport chain.,F,It produces NADPH for reductive biosynthesis.,The oxidative phase is reversible.,F,Oxidative phase is irreversible.,Glucose-6-phosphate dehydrogenase (G6PD) is the rate-limiting enzyme.,T,Regulated by NADPH levels.,It provides ribose-5-phosphate for nucleotide synthesis.,T,Essential for DNA production.,G6PD deficiency leads to hemolytic anemia.,T,Reduces antioxidant capacity.
86,Biochemistry,Carb metabolism,2024,Regarding glycogen metabolism:,Glycogen synthase is the rate-limiting enzyme of glycogenesis.,T,Activated by Insulin.,Glycogen phosphorylase requires pyridoxal phosphate (PLP).,T,Co-factor derived from B6.,Von Gierke disease is a deficiency of alpha-glucosidase.,F,It is a deficiency of Glucose-6-Phosphatase.,Epinephrine stimulates glycogenolysis in both liver and muscle.,T,Via cAMP signaling.,Muscle glycogen contributes to blood glucose levels.,F,Muscle lacks glucose-6-phosphatase.
87,Biochemistry,Amino metab,2024,Regarding the metabolism of individual amino acids:,Maple Syrup Urine Disease is a defect in branched-chain ketoacid dehydrogenase.,T,Affects Leucine Isoleucine and Valine.,Homocystinuria is often caused by a deficiency of cystathionine beta-synthase.,T,Leads to high homocysteine levels.,Albinism is due to a lack of phenylalanine hydroxylase.,F,Due to lack of tyrosinase.,Tryptophan is the precursor for Vitamin B3 (Niacin).,T,Essential for NAD synthesis.,Arginine is the precursor for the gasotransmitter Nitric Oxide.,T,Produced by NOS enzyme.
88,Biochemistry,Amino metab,2024,Regarding ammonia transport:,Glutamine is the major non-toxic carrier of ammonia in the blood.,T,Formed by glutamine synthetase.,The glucose-alanine cycle transports ammonia from muscle to liver.,T,Alanine is converted back to pyruvate in the liver.,Ammonia is highly toxic to the central nervous system.,T,Depletes alpha-ketoglutarate.,Glutaminase in the kidney releases ammonia for pH buffering.,T,Excreted as ammonium ion.,Hyperammonemia can be caused by liver cirrhosis.,T,Reduced capacity for urea cycle.
89,Biochemistry,Digestion,2024,Regarding vitamin absorption:,Vitamin B12 absorption requires intrinsic factor from parietal cells.,T,Absorbed in terminal ileum.,Fat-soluble vitamins (A D E K) require micelles for absorption.,T,Absorbed with dietary lipids.,Vitamin C is absorbed via sodium-dependent transporters (SVCT).,T,Active transport mechanism.,Folic acid is absorbed in the duodenum and jejunum.,T,Important for DNA synthesis.,Most water-soluble vitamins are absorbed in the stomach.,F,Most are absorbed in the small intestine.
90,Biochemistry,Digestion,2024,Regarding dietary fiber:,Cellulose is a soluble fiber.,F,It is an insoluble fiber.,Lignin is a carbohydrate.,F,It is a non-carbohydrate polymer.,Fiber decreases the transit time of food in the gut.,T,Speeds up bowel movements.,Soluble fibers can lower blood cholesterol levels.,T,By binding bile acids.,Pectin is commonly found in fruits.,T,A soluble fiber used in jellies.
91,Biochemistry,Water,2024,Regarding fluid shifts:,Adding isotonic saline to the ECF increases ECF volume but does not change osmolarity.,T,No shift between ECF and ICF.,Adding pure water to the ECF increases both ECF and ICF volumes.,T,Osmolarity decreases in both.,Excessive sweating leads to ICF dehydration.,T,ECF becomes hypertonic drawing water from ICF.,Infusion of hypertonic saline causes the ICF volume to increase.,F,It causes ICF to shrink.,The Gibbs-Donnan effect influences the distribution of ions across the capillary wall.,T,Due to non-diffusible plasma proteins.
92,Biochemistry,Water,2024,Regarding Acid-Base disturbances:,Metabolic acidosis is characterized by a low blood pH and low bicarbonate.,T,Primary decrease in HCO3.,In respiratory alkalosis the primary change is a decrease in PCO2.,T,Due to hyperventilation.,The anion gap is increased in lactic acidosis.,T,Accumulation of unmeasured anions.,Renal compensation for respiratory acidosis involves increasing H+ secretion.,T,And increasing bicarbonate reabsorption.,Vomiting typically causes metabolic acidosis.,F,It causes metabolic alkalosis.
93,Physiology,Cell,2024,Regarding the cell membrane:,The cell membrane is a fluid mosaic of lipids and proteins.,T,Singer-Nicolson model.,Cholesterol increases the fluidity of the membrane at high temperatures.,F,It stabilizes the membrane.,Integral proteins span the entire lipid bilayer.,T,Function as channels or pumps.,The glycocalyx is found on the inner surface of the membrane.,F,Found on the outer surface.,Flip-flop movement of phospholipids is a frequent occurrence.,F,It is rare compared to lateral diffusion.
94,Physiology,Cell,2024,Regarding cytoplasmic organelles:,Mitochondria are the primary site of ATP production.,T,Via oxidative phosphorylation.,Rough endoplasmic reticulum is involved in lipid synthesis.,F,Smooth ER is for lipids.,Lysosomes contain hydrolases that work at acidic pH.,T,Hydrolases work at low pH.,The Golgi apparatus modifies and packages proteins for secretion.,T,The shipping center of the cell.,Peroxisomes are involved in the breakdown of very long-chain fatty acids.,T,Generate hydrogen peroxide.
95,Physiology,Cell,2024,Regarding the nucleus and cell cycle:,The nucleolus is the site of ribosomal RNA (rRNA) synthesis.,T,Not membrane-bound.,DNA replication occurs during the G1 phase of the cell cycle.,F,Occurs during the S phase.,Mitosis results in two genetically identical daughter cells.,T,Diploids from diploids.,In prophase the nuclear envelope breaks down.,T,Chromosomes condense.,Apoptosis is an inflammatory process of cell death.,F,It is programmed cell death (non-inflammatory).
96,Physiology,Cell,2024,Regarding transport across the cell membrane:,Simple diffusion requires carrier proteins.,F,No protein or energy required.,Facilitated diffusion is a saturable process.,T,Limited by the number of carriers.,Primary active transport uses energy directly from ATP hydrolysis.,T,e.g. Na-K ATPase.,Osmosis is the movement of solute from low to high concentration.,F,Movement of solvent (water).,Exocytosis is the process of secreting substances out of the cell.,T,Vesicles fuse with the plasma membrane.
97,Biochemistry,Proteins,2024,Regarding protein structure:,The primary structure is determined by peptide bonds.,T,Sequence of amino acids.,Alpha-helices are stabilized by hydrogen bonds between R-groups.,F,H-bonds are between backbone carbonyl and amide.,Tertiary structure describes the overall 3D folding of a single polypeptide.,T,Driven by hydrophobic interactions.,Denaturation involves the breaking of peptide bonds.,F,Breaks higher order structures.,Quaternary structure is present in all proteins.,F,Only in multimeric proteins.
98,Biochemistry,Proteins,2024,Regarding Hemoglobin and Myoglobin:,Myoglobin has a higher affinity for oxygen than hemoglobin.,T,Acts as an oxygen store in muscle.,Hemoglobin shows sigmoidal oxygen dissociation curve.,T,Due to cooperative binding.,Fetal hemoglobin (HbF) has a lower affinity for 2-3-BPG.,T,Allows it to bind O2 more strongly.,The Bohr effect shifts the Hb curve to the left.,F,Shifts to the right (facilitates unloading).,Carbon monoxide binds to hemoglobin with much higher affinity than oxygen.,T,Prevents oxygen transport.
99,Biochemistry,Proteins,2024,Regarding Enzymes:,Enzymes increase the rate of reaction by lowering activation energy.,T,Biological catalysts.,The Michaelis constant (Km) is the substrate concentration at Vmax.,F,It is the concentration at half Vmax.,A competitive inhibitor increases the Km but doesn't change Vmax.,T,Competes for the active site.,Allosteric enzymes follow Michaelis-Menten kinetics.,F,They show sigmoidal kinetics.,Vmax is directly proportional to enzyme concentration.,T,More enzyme equals higher capacity.
100,Biochemistry,Proteins,2024,Regarding specialized proteins:,Collagen is a triple helical fibrous protein.,T,Rich in glycine and proline.,Albumin is the major contributor to plasma oncotic pressure.,T,Most abundant plasma protein.,Immunoglobulins are composed of two heavy and two light chains.,T,Linked by disulfide bonds.,Casein is the primary protein found in wheat.,F,Gluten is in wheat; Casein is in milk.,Ferritin is the primary storage form of iron.,T,Found in liver and spleen.
101,Physiology,CVS,2025,Regarding the electrocardiogram (ECG):,The P wave represents atrial depolarization.,T,Initiates atrial contraction.,The QRS complex represents ventricular repolarization.,F,Represents ventricular depolarization.,The PR interval includes the AV node delay.,T,Allows for ventricular filling.,The ST segment is normally elevated in a healthy individual.,F,It is normally isoelectric.,A prolonged QT interval can predispose to arrhythmias.,T,Indicates delayed repolarization.
102,Physiology,Renal,2025,Regarding the renin-angiotensin-aldosterone system (RAAS):,Renin is secreted by the macula densa cells.,F,Secreted by juxtaglomerular cells.,Angiotensin-converting enzyme (ACE) is primarily found in the lungs.,T,Converts Angiotensin I to II.,Angiotensin II causes systemic vasodilation.,F,It is a potent vasoconstrictor.,Aldosterone promotes potassium secretion in the collecting ducts.,T,Along with sodium reabsorption.,Renin release is stimulated by decreased renal perfusion pressure.,T,Acts as a baroreceptor mechanism.
103,Anatomy,Abdomen,2025,Regarding the extrahepatic biliary apparatus:,The gallbladder stores and concentrates bile.,T,Absorbs water and electrolytes.,The common bile duct is formed by the union of the right and left hepatic ducts.,F,Formed by common hepatic and cystic ducts.,The sphincter of Oddi controls the flow of bile into the duodenum.,T,Located at the major duodenal papilla.,The fundus of the gallbladder typically projects below the inferior border of the liver.,T,Usually at the tip of the 9th costal cartilage.,Cholecystokinin (CCK) causes relaxation of the gallbladder wall.,F,Causes contraction to release bile.
104,Anatomy,Thorax,2025,Regarding the intercostal spaces:,The neurovascular bundle runs between the internal and innermost intercostal muscles.,T,In the costal groove.,The intercostal vein is the most inferior structure in the costal groove.,F,Order is Vein Artery Nerve from superior to inferior.,The anterior intercostal arteries of the upper spaces arise from the internal thoracic artery.,T,A branch of the subclavian artery.,The external intercostal muscle membrane replaces the muscle layer anteriorly.,T,Near the sternum.,The typical intercostal nerve supplies both motor and sensory fibers.,T,Supplies muscles and overlying skin.
105,Biochemistry,Lipids,2025,Regarding lipoproteins:,HDL is responsible for reverse cholesterol transport.,T,Returns cholesterol from tissues to liver.,LDL has the highest protein content among lipoproteins.,F,HDL has the highest protein content.,VLDL is synthesized primarily in the intestinal mucosa.,F,Synthesized primarily in the liver.,Apolipoprotein B-100 is the major structural protein of LDL.,T,Recognizes the LDL receptor.,Chylomicrons transport dietary triglycerides.,T,Cleared by lipoprotein lipase in capillaries.
106,Biochemistry,Vitamins,2020,Regarding fat-soluble vitamins:,Vitamin A is a steroid derivative of cholesterol.,F,Derived from carotenes or isoprenoids.,Vitamin D undergoes its first hydroxylation in the kidney.,F,First hydroxylation is in the liver to 25-OH D3.,Vitamin E acts as a biological antioxidant.,T,Protects cell membranes from lipid peroxidation.,Vitamin K is required for the gamma-carboxylation of glutamate residues.,T,Essential for clotting factors II VII IX X.,Toxicity is less common in fat-soluble vitamins than water-soluble vitamins.,F,They accumulate in body fat leading to higher toxicity risk.
107,Biochemistry,Vitamins,2021,Regarding the Vitamin B complex:,Thiamine (B1) is a coenzyme for pyruvate dehydrogenase.,T,Essential for carbohydrate metabolism.,Niacin (B3) deficiency classically causes scurvy.,F,It classically causes pellagra.,Riboflavin (B2) is a structural component of FAD.,T,Flavin adenine dinucleotide.,Pyridoxine (B6) is required for transamination reactions.,T,Forms the active coenzyme pyridoxal phosphate.,Biotin (B7) is a carrier of one-carbon units in methylation reactions.,F,It is a carrier of CO2 in carboxylation reactions.
108,Biochemistry,Vitamins,2022,Regarding Vitamin C (Ascorbic acid):,It is a coenzyme in the hydroxylation of proline and lysine.,T,Essential for proper collagen triple helix synthesis.,Humans can synthesize Vitamin C from glucose.,F,Humans lack the enzyme gulonolactone oxidase.,It facilitates the intestinal absorption of dietary non-heme iron.,T,Keeps iron in the more easily absorbed ferrous state.,Severe deficiency leads directly to megaloblastic anemia.,F,Deficiency leads to scurvy.,It functions as a potent water-soluble antioxidant.,T,Scavenges free radicals in aqueous body compartments.
